do,1363,done,1044
make,791,made,466
see,771,saw,337
get,749,got,338
know,680,knew,395
go,625,went,508
take,606,took,426
say,484,said,1748
come,434,came,622
think,433,thought,340
find,397,found,268
give,387,gave,285
let,335,let,37
want,319,wanted,205
look,303,looked,329
tell,268,told,286
keep,261,kept,116
become,235,became,246
use,230,used,137
seem,229,seemed,311
provide,216,provided,29
help,214,helped,40
like,211,liked,45
show,202,showed,138
feel,201,felt,302
believe,200,believed,52
put,197,put,131
leave,195,left,157
work,179,worked,76
need,162,needed,57
bring,158,brought,134
mean,158,meant,70
live,157,lived,72
hear,153,heard,129
turn,145,turned,253
hold,144,held,126
meet,142,met,80
remember,138,remembered,52
try,137,tried,120
understand,137,understood,20
move,135,moved,138
call,134,called,165
pay,133,paid,50
ask,128,asked,300
consider,127,considered,31
run,126,ran,134
appear,117,appeared,118
talk,114,talked,41
include,113,included,41
play,110,played,66
speak,110,spoke,86
stand,109,stood,198
expect,108,expected,30
continue,107,continued,83
determine,107,determined,7
serve,107,served,53
write,106,wrote,181
start,103,started,139
stay,99,stayed,60
suppose,98,supposed,8
follow,97,followed,91
stop,94,stopped,103
remain,93,remained,84
set,92,set,71
reach,91,reached,106
develop,89,developed,43
read,89,read,36
add,88,added,81
carry,88,carried,60
cut,88,cut,25
wish,87,wished,52
require,86,required,31
begin,84,began,312
build,84,built,21
learn,84,learned,54
prevent,83,prevented,11
wait,83,waited,68
increase,82,increased,38
lead,82,led,83
indicate,80,indicated,59
enter,78,entered,76
change,77,changed,26
receive,76,received,65
care,75,cared,9
act,74,acted,11
place,74,placed,25
return,74,returned,81
send,74,sent,69
produce,73,produced,28
accept,72,accepted,28
allow,72,allowed,21
buy,69,bought,32
realize,69,realized,49
seek,69,sought,35
hope,68,hoped,33
offer,68,offered,43
fall,66,fell,87
pass,66,passed,91
permit,66,permitted,14
sit,66,sat,139
walk,66,walked,143
break,65,broke,67
join,65,joined,33
explain,64,explained,61
assume,63,assumed,28
grow,63,grew,65
happen,63,happened,86
feed,62,fed,8
recognize,62,recognized,30
reduce,62,reduced,10
eat,61,ate,16
imagine,61,imagined,12
hang,60,hung,53
kill,60,killed,34
maintain,60,maintained,13
exist,59,existed,27
lie,59,lay,70
avoid,58,avoided,7
establish,58,established,9
lose,58,lost,49
remove,58,removed,11
die,57,died,63
apply,56,applied,22
love,56,loved,45
open,56,opened,94
save,55,saved,11
attend,54,attended,24
create,54,created,18
forget,54,forgot,17
note,54,noted,27
suggest,54,suggested,48
support,54,supported,17
win,54,won,48
cover,53,covered,14
guess,53,guessed,7
prove,53,proved,48
spend,53,spent,40
watch,53,watched,68
cause,52,caused,39
achieve,51,achieved,12
agree,51,agreed,52
check,51,checked,10
face,51,faced,23
form,51,formed,19
listen,51,listened,29
choose,50,chose,37
fill,50,filled,31
visit,50,visited,24
pick,49,picked,51
rise,49,rose,60
destroy,48,destroyed,8
lay,48,laid,24
operate,48,operated,8
deny,47,denied,10
please,47,pleased,11
raise,47,raised,42
result,47,resulted,32
draw,46,drew,63
drive,46,drove,58
encourage,46,encouraged,5
contain,45,contained,35
deal,45,dealt,8
depend,45,depended,9
contribute,44,contributed,24
enjoy,44,enjoyed,36
escape,44,escaped,8
answer,43,answered,47
bear,43,bore,14
fight,43,fought,23
occur,43,occurred,47
supply,43,supplied,9
tend,43,tended,15
worry,43,worried,7
obtain,42,obtained,8
describe,41,described,28
study,41,studied,34
teach,41,taught,19
afford,40,afforded,4
decide,40,decided,105
discover,40,discovered,30
end,40,ended,41
share,40,shared,19
catch,39,caught,54
close,39,closed,39
improve,39,improved,7
present,39,presented,16
pull,39,pulled,54
report,39,reported,51
sell,39,sold,20
hit,38,hit,38
mind,38,minded,34
represent,38,represented,15
wonder,38,wondered,55
admit,37,admitted,25
assure,37,assured,16
belong,37,belonged,14
fail,37,failed,52
regard,36,regarded,12
thank,36,thanked,5
prepare,35,prepared,12
recall,35,recalled,19
throw,35,threw,46
affect,34,affected,4
drop,34,dropped,76
handle,34,handled,6
protect,34,protected,5
vary,34,varied,7
examine,33,examined,11
file,33,filed,12
hate,33,hated,18
mention,33,mentioned,18
suffer,33,suffered,22
survive,33,survived,5
promote,32,promoted,28
ride,32,rode,40
touch,32,touched,24
wear,32,wore,65
extend,31,extended,12
involve,31,involved,23
preserve,31,preserved,2
sleep,31,slept,18
amount,30,amounted,2
fear,30,feared,10
measure,30,measured,7
plan,30,planned,19
push,30,pushed,31
replace,30,replaced,12
reveal,30,revealed,21
argue,29,argued,17
claim,29,claimed,25
constitute,29,constituted,8
cost,29,cost,10
furnish,29,furnished,4
notice,29,noticed,28
perform,29,performed,11
arise,28,arose,18
compare,28,compared,10
control,28,controlled,5
demonstrate,28,demonstrated,9
discuss,28,discussed,18
even,28,evened,25
travel,28,traveled,13
account,27,accounted,4
acquire,27,acquired,8
define,27,defined,24
express,27,expressed,24
insist,27,insisted,39
prefer,27,preferred,16
press,27,pressed,12
refer,27,referred,14
sing,27,sang,28
spread,27,spread,18
appreciate,26,appreciated,6
count,26,counted,11
drink,26,drank,19
eliminate,26,eliminated,6
identify,26,identified,11
justify,26,justified,23
light,26,lighted,29
match,26,matched,2
point,26,pointed,48
shoot,26,shot,18
vote,26,voted,22
back,25,backed,21
beat,25,beat,12
cross,25,crossed,26
matter,25,mattered,4
observe,25,observed,15
recommend,25,recommended,17
reflect,25,reflected,13
rest,25,rested,12
sound,25,sounded,29
strike,25,struck,40
trust,25,trusted,2
accomplish,24,accomplished,4
arrive,24,arrived,43
attack,24,attacked,12
attempt,24,attempted,18
finish,24,finished,31
force,24,forced,19
forgive,24,forgave,2
insure,24,insured,21
treat,24,treated,11
blame,23,blamed,5
compete,23,competed,2
enable,23,enabled,10
exercise,23,exercised,7
favor,23,favored,7
gain,23,gained,18
last,23,lasted,11
repeat,23,repeated,18
settle,23,settled,31
aid,22,aided,2
assist,22,assisted,3
bother,22,bothered,7
demand,22,demanded,33
own,22,owned,15
participate,22,participated,5
resist,22,resisted,4
cope,21,coped,19
defend,21,defended,9
name,21,named,13
respond,21,responded,13
step,21,stepped,33
attain,20,attained,5
benefit,20,benefited,18
conduct,20,conducted,14
emphasize,20,emphasized,9
figure,20,figured,15
gather,20,gathered,22
manage,20,managed,23
miss,20,missed,17
pursue,20,pursued,3
solve,20,solved,18
state,20,stated,38
suspect,20,suspected,12
assert,19,asserted,11
attract,19,attracted,11
clean,19,cleaned,3
complete,19,completed,6
distinguish,19,distinguished,17
ignore,19,ignored,13
influence,19,influenced,17
paint,19,painted,9
relax,19,relaxed,6
roll,19,rolled,34
announce,18,announced,53
assign,18,assigned,2
cry,18,cried,25
deliver,18,delivered,13
differ,18,differed,12
emerge,18,emerged,23
exced,18,exceeded,2
experience,18,experienced,9
finance,18,financed,16
fly,18,flew,27
guide,18,guided,4
hide,18,hid,6
hurry,18,hurried,18
lift,18,lifted,34
mark,18,marked,15
marry,18,married,22
overcome,18,overcame,3
proceed,18,proceeded,22
select,18,selected,8
sign,18,signed,15
submit,18,submitted,10
test,18,tested,3
view,18,viewed,2
consist,17,consisted,22
dance,17,danced,8
illustrate,17,illustrated,15
limit,17,limited,6
order,17,ordered,28
persuade,17,persuaded,6
possess,17,possessed,18
question,17,questioned,8
adjust,16,adjusted,3
collect,16,collected,7
conclude,16,concluded,21
confirm,16,confirmed,8
dare,16,dared,7
doubt,16,doubted,9
drill,16,drilled,14
earn,16,earned,9
effect,16,effected,14
judge,16,judged,3
leap,16,leaped,18
locate,16,located,4
minimize,16,minimized,2
occupy,16,occupied,9
satisfy,16,satisfied,5
score,16,scored,9
secure,16,secured,14
stick,16,stuck,13
strengthen,16,strengthened,14
wake,16,woke,14
yield,16,yielded,7
abandon,15,abandoned,5
advance,15,advanced,9
alter,15,altered,2
approach,15,approached,32
cease,15,ceased,8
charge,15,charged,17
combine,15,combined,6
commit,15,committed,4
devote,15,devoted,14
dry,15,dried,6
hire,15,hired,6
hurt,15,hurt,13
intend,15,intended,10
issue,15,issued,20
jump,15,jumped,32
oppose,15,opposed,9
qualify,15,qualified,2
quote,15,quoted,8
react,15,reacted,12
refuse,15,refused,44
remind,15,reminded,19
shake,15,shook,57
shift,15,shifted,12
shut,15,shut,7
succed,15,succeeded,18
translate,15,translated,13
welcome,15,welcomed,6
accommodate,14,accommodated,12
approve,14,approved,12
attach,14,attached,3
challenge,14,challenged,4
clear,14,cleared,13
conceive,14,conceived,7
cook,14,cooked,2
direct,14,directed,10
divide,14,divided,11
dress,14,dressed,10
ease,14,eased,2
engage,14,engaged,5
entertain,14,entertained,4
grant,14,granted,7
honor,14,honored,2
lend,14,lent,3
organize,14,organized,4
practice,14,practiced,2
reply,14,replied,55
separate,14,separated,6
sustain,14,sustained,12
weep,14,wept,7
absorb,13,absorbed,2
adopt,13,adopted,11
behave,13,behaved,10
bet,13,bet,1
brush,13,brushed,14
capture,13,captured,2
clarify,13,clarified,12
communicate,13,communicated,3
convey,13,conveyed,3
derive,13,derived,12
encounter,13,encountered,12
evaluate,13,evaluated,12
expand,13,expanded,7
fit,13,fit,15
fix,13,fixed,12
flow,13,flowed,4
head,13,headed,23
imply,13,implied,5
lack,13,lacked,15
perceive,13,perceived,3
proclaim,13,proclaimed,5
propose,13,proposed,19
relieve,13,relieved,3
rely,13,relied,2
sue,13,sued,2
trade,13,traded,3
undertake,13,undertook,12
urge,13,urged,21
acknowledge,12,acknowledged,3
affirm,12,affirmed,4
bend,12,bent,14
coincide,12,coincided,6
concern,12,concerned,4
construct,12,constructed,2
correct,12,corrected,3
cure,12,cured,11
deduct,12,deducted,11
deserve,12,deserved,10
display,12,displayed,8
exhibit,12,exhibited,4
explore,12,explored,2
focus,12,focused,8
grab,12,grabbed,19
inspect,12,inspected,11
object,12,objected,12
pray,12,prayed,8
project,12,projected,2
quit,12,quit,2
range,12,ranged,16
rent,12,rented,11
risk,12,risked,2
spring,12,sprang,13
terminate,12,terminated,11
anticipate,11,anticipated,4
beg,11,begged,13
climb,11,climbed,41
complain,11,complained,21
comprise,11,comprised,3
confess,11,confessed,6
consult,11,consulted,6
desire,11,desired,9
disappear,11,disappeared,21
dream,11,dreamed,7
exert,11,exerted,3
free,11,freed,2
frighten,11,frightened,2
interpret,11,interpreted,3
introduce,11,introduced,15
investigate,11,investigated,2
knock,11,knocked,17
mix,11,mixed,10
pack,11,packed,7
purchase,11,purchased,4
record,11,recorded,8
recover,11,recovered,2
render,11,rendered,5
resolve,11,resolved,3
restrict,11,restricted,10
retain,11,retained,4
reverse,11,reversed,10
sink,11,sank,18
snap,11,snapped,17
specify,11,specified,10
stress,11,stressed,11
swing,11,swung,43
threaten,11,threatened,15
trim,11,trimmed,10
warn,11,warned,14
warrant,11,warranted,10
accuse,10,accused,5
admire,10,admired,9
aim,10,aimed,10
analyze,10,analyzed,9
appeal,10,appealed,10
arrange,10,arranged,11
associate,10,associated,3
bar,10,barred,2
bite,10,bit,101
burn,10,burned,15
command,10,commanded,10
commute,10,commuted,9
concentrate,10,concentrated,9
conform,10,conformed,9
damn,10,damned,9
decrease,10,decreased,6
detect,10,detected,9
disturb,10,disturbed,4
drag,10,dragged,8
fire,10,fired,19
glance,10,glanced,25
grasp,10,grasped,5
hesitate,10,hesitated,20
insert,10,inserted,5
invite,10,invited,11
march,10,marched,6
merge,10,merged,9
multiply,10,multiplied,2
negotiate,10,negotiated,2
owe,10,owed,12
reinforce,10,reinforced,9
reject,10,rejected,12
restrain,10,restrained,9
resume,10,resumed,12
review,10,reviewed,3
sacrifice,10,sacrificed,9
secede,10,seceded,9
sense,10,sensed,16
smile,10,smiled,68
swear,10,swore,14
swim,10,swam,6
tap,10,tapped,2
train,10,trained,2
tremble,10,trembled,5
unite,10,united,3
utilize,10,utilized,9
wash,10,washed,10
waste,10,wasted,5
wipe,10,wiped,11
advise,9,advised,17
assemble,9,assembled,7
await,9,awaited,6
bless,9,blessed,8
borrow,9,borrowed,5
burst,9,burst,11
center,9,centered,5
choke,9,choked,4
convert,9,converted,2
crack,9,cracked,11
crawl,9,crawled,17
dig,9,dug,7
disclose,9,disclosed,7
discourage,9,discouraged,8
employ,9,employed,6
enforce,9,enforced,8
estimate,9,estimated,8
formulate,9,formulated,3
fulfill,9,fulfilled,3
house,9,housed,4
impose,9,imposed,4
induce,9,induced,8
indulge,9,indulged,5
interfere,9,interfered,4
kiss,9,kissed,15
land,9,landed,12
laugh,9,laughed,46
pose,9,posed,3
promise,9,promised,26
recruit,9,recruited,8
release,9,released,7
restore,9,restored,3
retire,9,retired,10
saw,9,sawed,8
simplify,9,simplified,8
smell,9,smelled,15
square,9,squared,8
stare,9,stared,58
symbolize,9,symbolized,6
tear,9,tore,15
tie,9,tied,13
witness,9,witnessed,7
abolish,8,abolished,7
accompany,8,accompanied,8
address,8,addressed,7
balance,8,balanced,7
blow,8,blew,12
broaden,8,broadened,3
concede,8,conceded,5
confront,8,confronted,5
contact,8,contacted,2
declare,8,declared,52
delay,8,delayed,6
devise,8,devised,2
dominate,8,dominated,5
dwell,8,dwelt,7
elect,8,elected,2
embrace,8,embraced,4
endure,8,endured,4
ensure,8,ensured,7
equate,8,equated,3
exaggerate,8,exaggerated,7
exploit,8,exploited,2
further,8,furthered,2
guard,8,guarded,7
hand,8,handed,25
hang,8,hanged,7
inhibit,8,inhibited,2
install,8,installed,5
isolate,8,isolated,7
light,8,lit,9
notify,8,notified,2
obey,8,obeyed,5
preach,8,preached,6
predict,8,predicted,5
register,8,registered,7
repel,8,repeled,7
resemble,8,resembled,8
resent,8,resented,5
revive,8,revived,3
search,8,searched,7
slide,8,slid,24
slow,8,slowed,12
smoke,8,smoked,6
spare,8,spared,3
squeeze,8,squeezed,8
suit,8,suited,3
testify,8,testified,9
undergo,8,underwent,2
undermine,8,undermined,7
wander,8,wandered,7
withdraw,8,withdrew,9
abide,7,abided,6
ascertain,7,ascertained,6
awaken,7,awakened,6
bid,7,bid,1
boast,7,boasted,5
boil,7,boiled,6
bore,7,bored,3
breathe,7,breathed,9
cancel,7,canceled,6
chatter,7,chattered,3
cite,7,cited,11
commend,7,commended,6
comment,7,commented,16
compute,7,computed,6
conceal,7,concealed,6
contemplate,7,contemplated,6
cool,7,cooled,3
coordinate,7,coordinated,6
correspond,7,corresponded,4
creep,7,crept,9
decline,7,declined,15
defeat,7,defeated,5
defy,7,defied,2
depart,7,departed,5
despise,7,despised,2
disagree,7,disagred,3
dislike,7,disliked,11
drain,7,drained,3
duck,7,ducked,5
educate,7,educated,6
enact,7,enacted,2
enlarge,7,enlarged,6
exclude,7,excluded,6
execute,7,executed,6
experiment,7,experimented,2
expose,7,exposed,4
feature,7,featured,3
generate,7,generated,2
govern,7,governed,6
greet,7,greeted,15
halt,7,halted,10
heed,7,heeded,6
inform,7,informed,22
integrate,7,integrated,6
invent,7,invented,5
launch,7,launched,3
lean,7,leaned,37
lie,7,lied,6
linger,7,lingered,2
list,7,listed,11
lower,7,lowered,10
master,7,mastered,6
mature,7,matured,6
offset,7,offset,6
penetrate,7,penetrated,5
postpone,7,postponed,6
pour,7,poured,21
pretend,7,pretended,3
prevail,7,prevailed,7
reckon,7,reckoned,6
relate,7,related,9
repay,7,repayed,6
reproduce,7,reproduced,6
request,7,requested,5
reserve,7,reserved,3
ring,7,rang,21
rule,7,ruled,13
scream,7,screamed,14
shop,7,shoped,6
slip,7,slipped,26
soak,7,soaked,6
speculate,7,speculated,2
sponsor,7,sponsored,7
spring,7,sprung,8
squat,7,squatted,4
stir,7,stirred,7
store,7,stored,6
straighten,7,straightened,15
stretch,7,stretched,21
strive,7,strove,4
struggle,7,struggled,7
supplement,7,supplemented,2
surrender,7,surrendered,6
sweep,7,swept,19
sympathize,7,sympathized,6
trace,7,traced,2
transform,7,transformed,4
unload,7,unloaded,6
uphold,7,upheld,5
violate,7,violated,2
weaken,7,weakened,6
wind,7,wound,7
wind,7,winded,6
appoint,6,appointed,8
arrest,6,arrested,4
assess,6,assessed,5
better,6,bettered,5
calm,6,calmed,3
cast,6,cast,4
characterize,6,characterized,6
classify,6,classified,5
cling,6,clung,13
compose,6,composed,4
contend,6,contended,6
contract,6,contracted,4
distribute,6,distributed,2
divorce,6,divorced,2
elaborate,6,elaborated,5
endorse,6,endorsed,5
equal,6,equaled,5
evoke,6,evoked,2
excuse,6,excused,2
explode,6,exploded,4
fetch,6,fetched,5
flash,6,flashed,12
function,6,functioned,2
hail,6,hailed,2
inject,6,injected,5
inquire,6,inquired,14
intersect,6,intersected,5
kneel,6,knelt,7
manipulate,6,manipulated,5
modify,6,modified,5
obscure,6,obscured,2
originate,6,originated,10
persist,6,persisted,8
portray,6,portrayed,5
protest,6,protested,11
pry,6,pried,5
quarrel,6,quarreled,2
rebut,6,rebutted,5
reconstruct,6,reconstructed,5
refrain,6,refrained,5
regret,6,regretted,7
relinquish,6,relinquished,3
rescue,6,rescued,5
resort,6,resorted,5
roam,6,roamed,5
round,6,rounded,5
sail,6,sailed,7
scrub,6,scrubbed,5
seize,6,seized,12
sew,6,sewed,5
shape,6,shaped,3
shave,6,shaved,4
ship,6,shipped,5
smooth,6,smoothed,4
spit,6,spat,7
stimulate,6,stimulated,3
suppress,6,suppressed,5
toss,6,tossed,22
total,6,totaled,3
transfer,6,transferred,2
trot,6,trotted,5
venture,6,ventured,2
accelerate,5,accelerated,4
adapt,5,adapted,4
alert,5,alerted,4
alleviate,5,alleviated,4
applaud,5,applauded,4
arouse,5,aroused,5
authorize,5,authorized,4
average,5,averaged,13
bat,5,bated,4
block,5,blocked,5
board,5,boarded,2
boost,5,boosted,2
bury,5,buried,3
campaign,5,campaigned,4
certify,5,certified,4
cherish,5,cherished,4
cluster,5,clustered,4
color,5,colored,4
comply,5,complied,2
comprehend,5,comprehended,4
confuse,5,confused,4
contrast,5,contrasted,4
damage,5,damaged,5
date,5,dated,4
denounce,5,denounced,2
dismiss,5,dismissed,7
dispose,5,disposed,4
disrupt,5,disrupted,2
dissolve,5,dissolved,4
double,5,doubled,4
embark,5,embarked,4
enhance,5,enhanced,4
enlist,5,enlisted,5
enrich,5,enriched,4
enroll,5,enrolled,2
entail,5,entailed,4
entitle,5,entitled,2
erect,5,erected,3
evolve,5,evolved,2
extract,5,extracted,2
facilitate,5,facilitated,4
fool,5,fooled,4
forestall,5,forestalled,4
freeze,5,froze,4
gaze,5,gazed,7
generalize,5,generalized,4
grok,5,grokked,3
grumble,5,grumbled,4
heat,5,heated,4
hunt,5,hunted,2
imitate,5,imitated,2
incur,5,incurred,4
initiate,5,initiated,4
invade,5,invaded,4
lessen,5,lessened,3
mail,5,mailed,3
necessitate,5,necessitated,4
pause,5,paused,25
perpetuate,5,perpetuated,4
phone,5,phoned,3
plead,5,pleaded,7
prescribe,5,prescribed,2
probe,5,probed,3
profess,5,professed,4
program,5,programmed,4
rally,5,rallied,4
rationalize,5,rationalized,4
rebuild,5,rebuilt,4
repair,5,repaired,2
respect,5,respected,5
revise,5,revised,5
rip,5,ripped,5
ruin,5,ruined,4
screen,5,screened,4
shout,5,shouted,36
shudder,5,shuddered,5
simmer,5,simmered,4
sort,5,sorted,4
speed,5,sped,9
spell,5,spelled,4
sprinkle,5,sprinkled,3
stamp,5,stamped,2
steal,5,stole,10
stem,5,stemmed,3
strip,5,stripped,7
substitute,5,substituted,3
suffice,5,sufficed,4
supervise,5,supervised,3
surprise,5,surprised,9
surround,5,surrounded,4
swallow,5,swallowed,6
switch,5,switched,10
taste,5,tasted,7
tax,5,taxed,4
toast,5,toasted,4
traverse,5,traversed,2
twist,5,twisted,12
vanish,5,vanished,9
verify,5,verified,4
whip,5,whipped,7
widen,5,widened,2
worship,5,worshiped,4
wrap,5,wrapped,2
adhere,4,adhered,4
advocate,4,advocated,2
appraise,4,appraised,4
banish,4,banished,4
bathe,4,bathed,4
behold,4,beheld,4
betray,4,betrayed,6
blend,4,blended,2
blink,4,blinked,6
bounce,4,bounced,13
bridge,4,bridged,4
bump,4,bumped,2
calculate,4,calculated,2
capitalize,4,capitalized,4
celebrate,4,celebrated,5
chase,4,chased,4
combat,4,combated,4
compel,4,compelled,4
concur,4,concurred,2
condemn,4,condemned,6
congratulate,4,congratulated,4
conquer,4,conquered,4
contradict,4,contradicted,4
convince,4,convinced,7
cooperate,4,cooperated,4
cough,4,coughed,2
counteract,4,counteracted,4
crash,4,crashed,7
criticize,4,criticized,3
curse,4,cursed,7
curtail,4,curtailed,4
delegate,4,delegated,4
denote,4,denoted,2
descend,4,descended,4
design,4,designed,9
disapprove,4,disapproved,3
discern,4,discerned,4
discount,4,discounted,2
dispense,4,dispensed,4
dispute,4,disputed,4
distort,4,distorted,4
dodge,4,dodged,2
encompass,4,encompassed,4
escort,4,escorted,4
fan,4,fanned,4
fasten,4,fastened,2
fell,4,felled,4
fit,4,fitted,5
flame,4,flamed,4
flourish,4,flourished,6
frame,4,framed,2
frustrate,4,frustrated,4
group,4,grouped,4
hover,4,hovered,4
impair,4,impaired,4
impart,4,imparted,4
inflict,4,inflicted,3
inherit,4,inherited,6
intensify,4,intensified,4
interrupt,4,interrupted,10
invoke,4,invoked,4
jeopardize,4,jeopardized,4
kick,4,kicked,10
labor,4,labored,3
lash,4,lashed,3
liberate,4,liberated,4
line,4,lined,7
link,4,linked,4
manifest,4,manifested,3
mate,4,mated,4
melt,4,melted,2
monopolize,4,monopolized,4
mount,4,mounted,13
murder,4,murdered,4
near,4,neared,3
neglect,4,neglected,2
nod,4,nodded,49
obstruct,4,obstructed,2
offend,4,offended,4
outgrow,4,outgrew,4
outline,4,outlined,4
overlap,4,overlaped,4
overlook,4,overlooked,2
pace,4,paced,10
pardon,4,pardoned,4
plant,4,planted,5
plot,4,plotted,2
polish,4,polished,3
position,4,positioned,4
praise,4,praised,8
preclude,4,precluded,4
print,4,printed,9
procure,4,procured,4
profit,4,profited,4
progress,4,progressed,10
propel,4,propelled,4
puzzle,4,puzzled,2
race,4,raced,11
rate,4,rated,4
reconcile,4,reconciled,4
reconsider,4,reconsidered,4
renew,4,renewed,3
replenish,4,replenished,2
rub,4,rubbed,13
sag,4,sagged,3
sanction,4,sanctioned,4
school,4,schooled,4
service,4,serviced,4
shorten,4,shortened,4
signal,4,signaled,2
simulate,4,simulated,4
skip,4,skipped,6
smack,4,smacked,2
snatch,4,snatched,9
sneak,4,sneaked,4
soften,4,softened,3
span,4,spanned,4
spin,4,spun,14
spot,4,spotted,9
stray,4,strayed,4
stride,4,strode,10
subsidize,4,subsidized,4
suck,4,sucked,5
superimpose,4,superimposed,4
tackle,4,tackled,4
tease,4,teased,2
tolerate,4,tolerated,4
trouble,4,troubled,8
uncover,4,uncovered,4
underestimate,4,underestimated,4
volunteer,4,volunteered,2
weigh,4,weighed,11
well,4,welled,4
whisper,4,whispered,20
abstract,3,abstracted,3
abuse,3,abused,3
accumulate,3,accumulated,3
acquaint,3,acquainted,3
acquiesce,3,acquiesced,3
administer,3,administered,3
advertise,3,advertised,3
allocate,3,allocated,2
amaze,3,amazed,3
amuse,3,amused,5
arbitrate,3,arbitrated,3
aspire,3,aspired,3
assail,3,assailed,3
avail,3,availed,2
award,3,awarded,2
bake,3,baked,3
bar,3,barred,2
base,3,based,3
battle,3,battled,3
blast,3,blasted,3
blaze,3,blazed,2
bloom,3,bloomed,6
blossom,3,blossomed,3
boot,3,booted,3
bow,3,bowed,6
breed,3,bred,3
buckle,3,buckled,3
budge,3,budged,3
cap,3,caped,3
carve,3,carved,3
cater,3,catered,3
chuck,3,chucked,3
collar,3,collared,3
compensate,3,compensated,3
compromise,3,compromised,3
confer,3,conferred,3
confide,3,confided,7
conflict,3,conflicted,3
connect,3,connected,4
conserve,3,conserved,3
content,3,contented,3
converge,3,converged,3
converse,3,conversed,3
correlate,3,correlated,3
cultivate,3,cultivated,2
deduce,3,deduced,2
democratize,3,democratized,3
demoralize,3,demoralized,3
depict,3,depicted,2
deprive,3,deprived,3
desert,3,deserted,3
designate,3,designated,4
diagnose,3,diagnosed,3
dictate,3,dictated,3
diminish,3,diminished,3
discharge,3,discharged,3
disguise,3,disguised,2
dispel,3,dispeled,3
displace,3,displaced,3
disprove,3,disproved,3
dissuade,3,dissuaded,3
dive,3,dived,4
donate,3,donated,3
dramatize,3,dramatized,3
drift,3,drifted,5
drown,3,drowned,4
dump,3,dumped,7
echo,3,echoed,7
economize,3,economized,3
elicit,3,elicited,3
emulate,3,emulated,3
envy,3,envied,5
exchange,3,exchanged,2
excite,3,excited,2
fancy,3,fancied,2
farm,3,farmed,3
fascinate,3,fascinated,2
fashion,3,fashioned,4
fathom,3,fathomed,3
flip,3,flipped,3
float,3,floated,6
forego,3,forewent,3
foresee,3,foresaw,3
fort,3,forted,3
foster,3,fostered,3
graduate,3,graduated,3
harbor,3,harbored,3
hark,3,harked,3
hasten,3,hastened,6
haul,3,hauled,3
hurl,3,hurled,3
impinge,3,impinged,3
implement,3,implemented,3
import,3,imported,2
impress,3,impressed,7
incite,3,incited,2
inspire,3,inspired,8
instruct,3,instructed,2
intercept,3,intercepted,3
interest,3,interested,3
invest,3,invested,3
itch,3,itched,3
joke,3,joked,3
keynote,3,keynoted,3
lease,3,leased,3
levy,3,levied,3
lick,3,licked,7
load,3,loaded,3
long,3,longed,4
loose,3,loosed,3
loosen,3,loosened,3
lure,3,lured,3
man,3,manned,3
marvel,3,marveled,3
mass,3,massed,3
materialize,3,materialized,3
memorize,3,memorized,3
mock,3,mocked,3
nominate,3,nominated,3
oust,3,ousted,3
outdo,3,outdid,3
outrun,3,outran,3
overtake,3,overtook,1
overthrow,3,overthrew,3
part,3,parted,2
photograph,3,photographed,3
pile,3,piled,7
pinpoint,3,pinpointed,3
plague,3,plagued,3
plow,3,plowed,3
pool,3,pooled,3
postulate,3,postulated,3
precede,3,preceded,9
presume,3,presumed,2
prosper,3,prospered,3
provoke,3,provoked,5
publish,3,published,11
punish,3,punished,3
ramble,3,rambled,3
rape,3,raped,3
reap,3,reaped,3
rear,3,reared,7
rearrange,3,rearranged,3
reason,3,reasoned,4
reassemble,3,reassembled,3
rebel,3,rebelled,2
recapture,3,recaptured,3
recede,3,receded,3
refill,3,refilled,3
refine,3,refined,3
reform,3,reformed,3
relish,3,relished,3
remedy,3,remedied,3
repent,3,repented,3
retard,3,retarded,3
retreat,3,retreated,6
revert,3,reverted,2
rid,3,rid,3
ridicule,3,ridiculed,3
rock,3,rocked,7
root,3,rooted,3
row,3,rowed,3
rush,3,rushed,20
scan,3,scanned,9
scratch,3,scratched,4
seal,3,sealed,3
sever,3,severed,3
slash,3,slashed,6
slice,3,sliced,3
slump,3,slumped,6
snag,3,snagged,3
solder,3,soldered,3
sow,3,sowed,3
specialize,3,specialized,2
spoil,3,spoiled,3
spur,3,spurred,4
steer,3,steered,4
stoop,3,stooped,3
stuff,3,stuffed,3
summarize,3,summarized,3
summon,3,summoned,5
supplant,3,supplanted,3
survey,3,surveyed,2
suspend,3,suspended,3
swell,3,swelled,3
telephone,3,telephoned,13
term,3,termed,3
thaw,3,thawed,3
thrust,3,thrust,9
tighten,3,tightened,6
top,3,topped,3
trample,3,trampled,3
transact,3,transacted,3
transmit,3,transmitted,3
transport,3,transported,3
underwrite,3,underwrote,3
undo,3,undid,1
unlock,3,unlocked,5
upgrade,3,upgraded,3
utter,3,uttered,3
visualize,3,visualized,3
wage,3,waged,3
warm,3,warmed,6
weave,3,wove,3
wink,3,winked,7
withstand,3,withstood,1
wobble,3,wobbled,2
yell,3,yelled,21
absent,2,absented,2
accord,2,accorded,2
activate,2,activated,2
adore,2,adored,2
age,2,aged,2
agglomerate,2,agglomerated,2
alarm,2,alarmed,2
alienate,2,alienated,2
align,2,aligned,2
amass,2,amassed,2
ambush,2,ambushed,2
amend,2,amended,3
amortize,2,amortized,2
annoy,2,annoyed,2
appease,2,appeased,2
approximate,2,approximated,2
articulate,2,articulated,2
assimilate,2,assimilated,2
attest,2,attested,2
attribute,2,attributed,6
augment,2,augmented,4
avenge,2,avenged,2
awake,2,awoke,9
backstitch,2,backstitched,2
bang,2,banged,4
bankrupt,2,bankrupted,2
barge,2,barged,2
befall,2,befell,1
begrudge,2,begrudged,2
bestow,2,bestowed,3
betide,2,betided,2
bevel,2,beveled,2
bind,2,bound,5
bleed,2,bled,2
blunt,2,blunted,2
blush,2,blushed,4
bolster,2,bolstered,2
bolt,2,bolted,3
bound,2,bounded,2
box,2,boxed,2
brace,2,braced,2
branch,2,branched,2
bud,2,budded,2
budget,2,budgeted,2
butt,2,butted,2
bypass,2,bypassed,2
cable,2,cabled,2
can,2,canned,2
case,2,cased,2
cash,2,cashed,2
charm,2,charmed,2
chat,2,chatted,2
cheat,2,cheated,2
cheer,2,cheered,2
chew,2,chewed,4
chide,2,chided,2
chin,2,chined,2
chuckle,2,chuckled,8
circle,2,circled,9
circulate,2,circulated,2
clinch,2,clinched,2
clog,2,clogged,2
coerce,2,coerced,2
collaborate,2,collaborated,5
comfort,2,comforted,2
commemorate,2,commemorated,2
commence,2,commenced,6
complement,2,complemented,2
complicate,2,complicated,2
compound,2,compounded,2
compress,2,compressed,2
confine,2,confined,2
congregate,2,congregated,2
consent,2,consented,2
consign,2,consigned,2
consolidate,2,consolidated,2
consume,2,consumed,2
contest,2,contested,2
copy,2,copied,2
core,2,cored,2
corroborate,2,corroborated,2
counter,2,countered,2
court,2,courted,2
crave,2,craved,2
credit,2,credited,2
crouch,2,crouched,10
crowd,2,crowded,8
crumble,2,crumbled,2
culminate,2,culminated,2
curl,2,curled,6
cushion,2,cushioned,2
dampen,2,dampened,2
darn,2,darned,2
debate,2,debated,2
decay,2,decayed,2
decorate,2,decorated,2
decry,2,decried,2
defraud,2,defrauded,2
defray,2,defrayed,2
delight,2,delighted,2
delude,2,deluded,2
devour,2,devoured,2
differentiate,2,differentiated,2
dilate,2,dilated,2
dine,2,dined,2
dip,2,dipped,3
disabuse,2,disabused,2
disarm,2,disarmed,2
discipline,2,disciplined,3
discontinue,2,discontinued,2
disentangle,2,disentangled,2
dishearten,2,disheartened,2
disintegrate,2,disintegrated,2
dislodge,2,dislodged,2
dispatch,2,dispatched,2
disperse,2,dispersed,2
disregard,2,disregarded,3
distract,2,distracted,3
distrust,2,distrusted,2
dock,2,docked,2
document,2,documented,2
dot,2,doted,2
down,2,downed,2
duplicate,2,duplicated,2
dwarf,2,dwarfed,2
dwindle,2,dwindled,2
edit,2,edited,2
effectuate,2,effectuated,2
emancipate,2,emancipated,2
endow,2,endowed,2
engender,2,engendered,2
enslave,2,enslaved,2
ensue,2,ensued,4
entrust,2,entrusted,2
eradicate,2,eradicated,2
erupt,2,erupted,5
exemplify,2,exemplified,2
exhaust,2,exhausted,3
exonerate,2,exonerated,2
expel,2,expeled,2
export,2,exported,2
exterminate,2,exterminated,2
extricate,2,extricated,2
falsify,2,falsified,2
falter,2,faltered,3
field,2,fielded,2
fling,2,flung,9
flood,2,flooded,5
foil,2,foiled,2
fold,2,folded,5
forecast,2,forecast,2
forfeit,2,forfeited,2
formalize,2,formalized,2
fortify,2,fortified,2
frequent,2,frequented,2
fry,2,fried,2
fuse,2,fused,2
fuss,2,fussed,2
gang,2,ganged,2
germinate,2,germinated,2
glaze,2,glazed,2
glide,2,glided,2
glisten,2,glistened,4
glorify,2,glorified,2
glow,2,glowed,6
grimace,2,grimaced,2
grind,2,ground,4
guarantee,2,guaranted,2
hamper,2,hampered,2
harvest,2,harvested,2
haunt,2,haunted,2
heal,2,healed,3
herd,2,herded,2
hibernate,2,hibernated,2
hug,2,hugged,2
hustle,2,hustled,2
ignite,2,ignited,2
improvise,2,improvised,2
inactivate,2,inactivated,2
incorporate,2,incorporated,2
insulate,2,insulated,2
insult,2,insulted,2
interact,2,interacted,2
intervene,2,intervened,4
interview,2,interviewed,7
intimidate,2,intimidated,2
inure,2,inured,2
invalidate,2,invalidated,2
jam,2,jammed,2
jolt,2,jolted,2
kneel,2,kneeled,2
knit,2,knit,2
lag,2,laged,2
lapse,2,lapsed,2
leap,2,leapt,2
lecture,2,lectured,2
lengthen,2,lengthened,2
level,2,leveled,4
lock,2,locked,9
lodge,2,lodged,2
maneuver,2,maneuvered,3
manufacture,2,manufactured,3
mar,2,mared,2
marshal,2,marshaled,2
matriculate,2,matriculated,2
mend,2,mended,2
merit,2,merited,4
mesh,2,meshed,2
mess,2,messed,2
mingle,2,mingled,3
misinterpret,2,misinterpreted,2
misuse,2,misused,2
mobilize,2,mobilized,2
moisten,2,moistened,2
mold,2,molded,2
mollify,2,mollified,2
mop,2,mopped,2
mourn,2,mourned,2
muster,2,mustered,2
neck,2,necked,2
negate,2,negated,2
number,2,numbered,3
nurture,2,nurtured,2
obliterate,2,obliterated,2
ordain,2,ordained,2
outface,2,outfaced,2
outnumber,2,outnumbered,2
outweigh,2,outweighed,2
overload,2,overloaded,2
overreach,2,overreached,2
overshadow,2,overshadowed,2
pacify,2,pacified,2
panic,2,panicked,2
parallel,2,paralleled,2
pare,2,pared,2
patrol,2,patrolled,2
pave,2,paved,2
peel,2,peeled,2
peer,2,peered,19
people,2,peopled,2
perish,2,perished,2
pertain,2,pertained,2
picture,2,pictured,2
pillage,2,pillaged,2
pilot,2,piloted,2
pin,2,pinned,2
pinch,2,pinched,2
plug,2,plugged,2
pop,2,popped,6
post,2,posted,3
pound,2,pounded,4
power,2,powered,2
prejudice,2,prejudiced,2
preside,2,presided,2
prohibit,2,prohibited,2
prompt,2,prompted,3
pronounce,2,pronounced,2
prop,2,propped,2
prosecute,2,prosecuted,2
purify,2,purified,2
purport,2,purported,3
quell,2,quelled,2
quiet,2,quieted,2
rack,2,racked,2
rain,2,rained,2
rake,2,raked,3
ransack,2,ransacked,2
readjust,2,readjusted,2
ready,2,readied,2
rebuke,2,rebuked,2
recite,2,recited,2
reclaim,2,reclaimed,2
recount,2,recounted,2
recur,2,recurred,2
redeem,2,redeemed,2
regulate,2,regulated,2
rejoin,2,rejoined,2
relive,2,relived,2
remake,2,remade,2
remark,2,remarked,25
rescind,2,rescinded,2
reside,2,resided,3
resign,2,resigned,7
rethink,2,rethought,2
retort,2,retorted,3
retrieve,2,retrieved,2
reward,2,rewarded,2
rival,2,rivaled,2
roast,2,roasted,2
rob,2,robbed,2
romanticize,2,romanticized,2
rot,2,rotted,2
rotate,2,rotated,2
rouse,2,roused,2
rustle,2,rustled,2
safeguard,2,safeguarded,2
salvage,2,salvaged,2
scare,2,scared,3
schedule,2,scheduled,2
scrape,2,scraped,6
sear,2,seared,2
seep,2,seeped,2
shade,2,shaded,2
shadow,2,shadowed,2
shatter,2,shattered,6
shear,2,sheared,2
shed,2,shed,3
shield,2,shielded,2
shimmy,2,shimmied,2
shine,2,shone,5
shiver,2,shivered,3
shock,2,shocked,2
shove,2,shoved,8
shower,2,showered,4
shred,2,shredded,2
shy,2,shied,3
signify,2,signified,2
sin,2,sinned,2
size,2,sized,2
skirt,2,skirted,2
slap,2,slapped,6
slit,2,slit,2
slug,2,slugged,3
smash,2,smashed,11
sniff,2,sniffed,6
snort,2,snorted,4
soil,2,soiled,2
soothe,2,soothed,2
spark,2,sparked,2
spear,2,speared,2
spice,2,spiced,2
split,2,split,5
sponge,2,sponged,2
sprawl,2,sprawled,2
spray,2,sprayed,3
stabilize,2,stabilized,2
staff,2,staffed,2
stage,2,staged,5
stagger,2,staggered,9
stain,2,stained,4
stake,2,staked,2
stampede,2,stampeded,2
stave,2,staved,2
stifle,2,stifled,2
still,2,stilled,2
sting,2,stung,1
stipulate,2,stipulated,2
stock,2,stocked,2
straggle,2,straggled,2
stream,2,streamed,2
subdue,2,subdued,2
subside,2,subsided,4
substantiate,2,substantiated,2
subtract,2,subtracted,2
summate,2,summated,2
swap,2,swapped,2
tally,2,tallied,2
tempt,2,tempted,2
theorize,2,theorized,2
thin,2,thinned,2
thunder,2,thundered,2
thwart,2,thwarted,2
tick,2,ticked,2
tilt,2,tilted,6
tip,2,tipped,4
tire,2,tired,4
toe,2,toed,2
track,2,tracked,2
trail,2,trailed,6
transplant,2,transplanted,2
tread,2,trod,2
tune,2,tuned,2
type,2,typed,2
underlie,2,underlay,2
underline,2,underlined,2
unfold,2,unfolded,2
unify,2,unified,2
untie,2,untied,2
upset,2,upset,10
validate,2,validated,2
veer,2,veered,3
vent,2,vented,2
wade,2,waded,2
wager,2,wagered,2
wall,2,walled,2
wave,2,waved,16
waver,2,wavered,2
wet,2,wet,2
while,2,whiled,2
whine,2,whined,2
whirl,2,whirled,6
wither,2,withered,2
withhold,2,withheld,1
wound,2,wounded,2
wreck,2,wrecked,2
wrestle,2,wrestled,2
wring,2,wrung,2
writhe,2,writhed,2
abound,1,abounded,2
ache,1,ached,3
allege,1,alleged,2
allot,1,allotted,2
apologize,1,apologized,4
appropriate,1,appropriated,1
arch,1,arched,2
ascend,1,ascended,2
ascribe,1,ascribed,1
astound,1,astounded,1
avert,1,averted,2
ban,1,banned,1
beckon,1,beckoned,6
beget,1,begot,1
beseech,1,besought,0
birdie,1,birdied,2
blind,1,blinded,1
blister,1,blistered,1
blot,1,bloted,1
brag,1,bragged,2
bribe,1,bribed,2
bristle,1,bristled,3
broil,1,broiled,1
bruise,1,bruised,1
buzz,1,buzzed,2
caress,1,caressed,3
caution,1,cautioned,6
chance,1,chanced,2
channel,1,channeled,1
chant,1,chanted,3
chart,1,charted,1
chop,1,choped,1
clatter,1,clattered,5
clench,1,clenched,1
clutch,1,clutched,5
coin,1,coined,1
collapse,1,collapsed,10
compile,1,compiled,2
condense,1,condensed,1
condition,1,conditioned,1
conjure,1,conjured,1
conspire,1,conspired,2
construe,1,construed,1
contrive,1,contrived,1
convict,1,convicted,1
corrupt,1,corrupted,1
counsel,1,counseled,2
covet,1,coveted,1
crown,1,crowned,1
crush,1,crushed,2
cup,1,cupped,2
dangle,1,dangled,2
dash,1,dashed,4
dazzle,1,dazzled,1
deceive,1,deceived,1
decompose,1,decomposed,1
deem,1,deemed,3
deplore,1,deplored,2
detach,1,detached,1
deteriorate,1,deteriorated,1
detest,1,detested,2
devastate,1,devastated,1
diffuse,1,diffused,1
disable,1,disabled,1
disdain,1,disdained,1
divert,1,diverted,1
draft,1,drafted,2
dream,1,dreamt,1
edge,1,edged,7
embody,1,embodied,1
emit,1,emitted,2
entreat,1,entreated,2
erase,1,erased,1
exclaim,1,exclaimed,14
expire,1,expired,4
fade,1,faded,8
father,1,fathered,2
filter,1,filtered,1
flag,1,flaged,1
flatten,1,flattened,2
flatter,1,flattered,2
flee,1,fled,22
flex,1,flexed,2
flicker,1,flickered,2
flock,1,flocked,2
flog,1,flogged,2
flower,1,flowered,1
foam,1,foamed,1
forbid,1,forbade,1
forbid,1,forbade,1
foretell,1,foretold,1
fork,1,forked,1
forsake,1,forsook,1
foul,1,fouled,2
found,1,founded,6
frown,1,frowned,7
gasp,1,gasped,5
glare,1,glared,5
gleam,1,gleamed,4
glimpse,1,glimpsed,2
glue,1,glued,2
gouge,1,gouged,2
grin,1,grinned,29
grip,1,gripped,9
grope,1,groped,7
ground,1,grounded,2
grunt,1,grunted,9
hammer,1,hammered,3
harass,1,harassed,2
heave,1,heaved,4
hint,1,hinted,1
hook,1,hooked,2
hop,1,hopped,5
hum,1,hummed,2
illumine,1,illumined,2
infer,1,inferred,2
infuriate,1,infuriated,3
institute,1,instituted,3
interpenetrate,1,interpenetrated,1
iodinate,1,iodinated,1
iron,1,ironed,1
jerk,1,jerked,12
journey,1,journeyed,2
knit,1,knitted,1
label,1,labeled,2
license,1,licensed,1
loom,1,loomed,3
lounge,1,lounged,3
lug,1,lugged,3
lunge,1,lunged,4
lurk,1,lurked,3
masquerade,1,masqueraded,1
mirror,1,mirrored,1
mitigate,1,mitigated,1
moan,1,moaned,2
modernize,1,modernized,1
motivate,1,motivated,1
murmur,1,murmured,17
mutter,1,muttered,16
nest,1,nested,2
nudge,1,nudged,2
officiate,1,officiated,3
omit,1,omitted,1
ooze,1,oozed,2
outrage,1,outraged,1
package,1,packaged,1
pad,1,padded,1
paralyze,1,paralyzed,1
park,1,parked,8
partake,1,partook,1
pat,1,patted,7
patronize,1,patronized,1
peck,1,pecked,2
permeate,1,permeated,1
petition,1,petitioned,4
phrase,1,phrased,1
pioneer,1,pioneered,1
pitch,1,pitched,4
pity,1,pitied,2
pluck,1,plucked,4
plunge,1,plunged,10
poison,1,poisoned,2
poke,1,poked,3
ponder,1,pondered,3
presuppose,1,presupposed,1
price,1,priced,1
pride,1,prided,1
process,1,processed,1
prolong,1,prolonged,1
protrude,1,protruded,4
puff,1,puffed,2
pump,1,pumped,2
purge,1,purged,1
radiate,1,radiated,2
ram,1,rammed,3
reassure,1,reassured,3
refute,1,refuted,2
regain,1,regained,3
remonstrate,1,remonstrated,2
revolve,1,revolved,3
roar,1,roared,18
salute,1,saluted,2
sample,1,sampled,1
scoop,1,scooped,3
scour,1,scoured,1
seat,1,seated,2
shoulder,1,shouldered,3
shriek,1,shrieked,4
shrink,1,shrank,1
shuffle,1,shuffled,2
shun,1,shunned,1
sidle,1,sidled,2
sigh,1,sighed,22
sight,1,sighted,2
silence,1,silenced,2
single,1,singled,7
sizzle,1,sizzled,2
skate,1,skated,1
sketch,1,sketched,2
slant,1,slanted,1
sneak,1,snuck,1
snow,1,snowed,2
space,1,spaced,1
spill,1,spilled,2
sprout,1,sprouted,1
startle,1,startled,3
starve,1,starved,1
steady,1,steadied,2
stink,1,stunk,1
storm,1,stormed,3
strain,1,strained,8
string,1,strung,1
stroke,1,stroked,2
strut,1,strutted,2
stumble,1,stumbled,18
subscribe,1,subscribed,1
suffuse,1,suffused,4
sum,1,summed,4
surge,1,surged,7
swarm,1,swarmed,3
sway,1,swayed,7
swerve,1,swerved,2
taper,1,tapered,1
telegraph,1,telegraphed,2
thicken,1,thickened,2
thrash,1,thrashed,2
thrill,1,thrilled,2
thrive,1,thrived,4
time,1,timed,2
tour,1,toured,2
transcend,1,transcended,1
trip,1,tripped,2
tuck,1,tucked,4
tug,1,tugged,2
tumble,1,tumbled,7
underscore,1,underscored,1
unscrew,1,unscrewed,2
usher,1,ushered,2
value,1,valued,1
vex,1,vexed,1
water,1,watered,4
wax,1,waxed,3
whistle,1,whistled,6
wield,1,wielded,2
will,1,willed,3
wing,1,winged,2
yank,1,yanked,4
yearn,1,yearned,2
abet,0,abetted,2
accrue,0,accrued,0
adjoin,0,adjoined,2
adjourn,0,adjourned,2
admonish,0,admonished,2
agonize,0,agonized,0
arraign,0,arraigned,2
assault,0,assaulted,3
assent,0,assented,2
astonish,0,astonished,0
babble,0,babbled,2
balk,0,balked,2
bandage,0,bandaged,0
bank,0,banked,0
batter,0,battered,2
bawl,0,bawled,2
bay,0,bayed,2
belch,0,belched,4
belie,0,belied,3
bellow,0,bellowed,6
belt,0,belted,2
bewitch,0,bewitched,0
bicker,0,bickered,0
blindfold,0,blindfolded,0
blockade,0,blockaded,0
blunder,0,blundered,0
blurt,0,blurted,2
bob,0,bobbed,2
bogey,0,bogeyed,2
border,0,bordered,0
bottle,0,bottled,0
brand,0,branded,0
breakfast,0,breakfasted,2
brighten,0,brightened,2
bulge,0,bulged,3
cackle,0,cackled,3
calve,0,calved,0
capitulate,0,capitulated,2
catalogue,0,catalogued,0
centralize,0,centralized,0
chill,0,chilled,2
chip,0,chipped,0
chortle,0,chortled,3
clamber,0,clambered,6
clamp,0,clamped,6
clap,0,clapped,4
clasp,0,clasped,2
click,0,clicked,5
clip,0,clipped,2
clutter,0,cluttered,0
coast,0,coasted,2
cock,0,cocked,4
coddle,0,coddled,0
comb,0,combed,3
confiscate,0,confiscated,0
congeal,0,congealed,2
congest,0,congested,0
constrain,0,constrained,0
convene,0,convened,2
cork,0,corked,0
couple,0,coupled,3
craze,0,crazed,0
creak,0,creaked,6
crease,0,creased,0
cringe,0,cringed,2
cripple,0,crippled,0
croon,0,crooned,2
crow,0,crowed,2
curve,0,curved,0
darken,0,darkened,5
dart,0,darted,6
decant,0,decanted,0
declaim,0,declaimed,2
dedicate,0,dedicated,2
dial,0,dialed,2
digest,0,digested,0
dilute,0,diluted,0
disconnect,0,disconnected,0
disfigure,0,disfigured,2
disgust,0,disgusted,0
dismember,0,dismembered,2
dismount,0,dismounted,3
disobey,0,disobeyed,0
dive,0,dove,0
don,0,donned,3
doom,0,doomed,2
doze,0,dozed,4
drape,0,draped,3
drawl,0,drawled,3
drip,0,dripped,5
drum,0,drummed,2
dye,0,dyed,0
ejaculate,0,ejaculated,3
elude,0,eluded,2
embarrass,0,embarrassed,0
emptied,0,emptied,3
enclose,0,enclosed,3
endear,0,endeared,2
engulf,0,engulfed,2
erode,0,eroded,0
esteem,0,esteemed,2
estrange,0,estranged,0
exact,0,exacted,0
exhale,0,exhaled,2
expend,0,expended,2
exude,0,exuded,2
eye,0,eyed,7
finger,0,fingered,3
flank,0,flanked,2
flap,0,flapped,4
flare,0,flared,3
flaunt,0,flaunted,2
flick,0,flicked,5
flop,0,flopped,6
flutter,0,fluttered,2
forbear,0,forbore,1
forswear,0,forswore,0
fumble,0,fumbled,5
gape,0,gaped,3
gesture,0,gestured,3
giggle,0,giggled,2
glint,0,glinted,2
gloat,0,gloated,2
glower,0,glowered,2
gobble,0,gobbled,2
groan,0,groaned,3
growl,0,growled,4
gulp,0,gulped,3
gush,0,gushed,5
hinder,0,hindered,2
hiss,0,hissed,2
hitch,0,hitched,0
holler,0,hollered,2
huddle,0,huddled,6
ingest,0,ingested,2
injure,0,injured,2
intimate,0,intimated,4
intone,0,intoned,4
ionize,0,ionized,0
itemize,0,itemized,0
jab,0,jabbed,2
jingle,0,jingled,2
leak,0,leaked,4
leer,0,leered,3
lighten,0,lightened,2
loathe,0,loathed,4
log,0,logged,0
loot,0,looted,0
lurch,0,lurched,5
magnify,0,magnified,0
market,0,marketed,0
menace,0,menaced,0
meter,0,metered,0
milk,0,milked,0
minister,0,ministered,2
mislead,0,misled,1
misrepresent,0,misrepresented,0
mistrust,0,mistrusted,2
mumble,0,mumbled,5
muse,0,mused,4
nail,0,nailed,3
narrow,0,narrowed,3
oblige,0,obliged,3
obsess,0,obsessed,0
obtrude,0,obtruded,0
opt,0,opted,2
orient,0,oriented,0
outdistance,0,outdistanced,2
outlaw,0,outlawed,0
overflow,0,overflowed,2
overhear,0,overheard,2
parody,0,parodied,2
perfect,0,perfected,0
personify,0,personified,0
pervade,0,pervaded,0
pet,0,petted,0
pierce,0,pierced,0
pledge,0,pledged,2
plump,0,plumped,2
ply,0,plied,2
poise,0,poised,2
precipitate,0,precipitated,3
proffer,0,proffered,2
publicize,0,publicized,0
purse,0,pursed,3
quit,0,quitted,0
rage,0,raged,7
rank,0,ranked,2
rap,0,rapped,2
ration,0,rationed,0
rattle,0,rattled,2
redecorate,0,redecorated,0
reel,0,reeled,2
rename,0,renamed,0
repute,0,reputed,0
rumble,0,rumbled,2
salt,0,salted,0
savor,0,savored,2
scandalize,0,scandalized,2
scatter,0,scattered,7
scoot,0,scooted,4
scowl,0,scowled,4
scramble,0,scrambled,8
scrawl,0,scrawled,3
screech,0,screeched,5
scrutinize,0,scrutinized,2
scurry,0,scurried,3
shrill,0,shrilled,2
shrink,0,shrunk,0
shrug,0,shrugged,18
sicken,0,sickened,0
sift,0,sifted,2
sip,0,sipped,2
skid,0,skidded,2
skim,0,skimmed,2
slacken,0,slackened,0
slam,0,slammed,13
slay,0,slew,0
sling,0,slung,1
slink,0,slunk,0
smite,0,smote,0
smolder,0,smoldered,2
smother,0,smothered,2
snake,0,snaked,3
snarl,0,snarled,8
snicker,0,snickered,2
snuggle,0,snuggled,4
soar,0,soared,3
sober,0,sobered,0
splash,0,splashed,3
spout,0,spouted,2
sprint,0,sprinted,2
squeak,0,squeaked,2
squint,0,squinted,3
stack,0,stacked,0
stalk,0,stalked,6
stall,0,stalled,3
stammer,0,stammered,4
star,0,starred,0
steam,0,steamed,0
stiffen,0,stiffened,7
stink,0,stank,0
streak,0,streaked,3
stroll,0,strolled,4
stun,0,stuned,0
sulk,0,sulked,2
swagger,0,swaggered,3
swirl,0,swirled,5
swish,0,swished,3
swoop,0,swooped,4
team,0,teamed,2
terrify,0,terrified,0
throb,0,throbbed,3
torment,0,tormented,0
tramp,0,tramped,2
transpire,0,transpired,0
trap,0,trapped,0
trudge,0,trudged,4
twine,0,twined,3
twitch,0,twitched,4
undress,0,undressed,2
voice,0,voiced,4
vow,0,vowed,5
wad,0,wadded,2
wag,0,wagged,2
wail,0,wailed,3
warp,0,warped,0
wet,0,wetted,0
whack,0,whacked,2
wheel,0,wheeled,7
whinny,0,whinnied,2
whiz,0,whizzed,2
wiggle,0,wiggled,3
wince,0,winced,4
wire,0,wired,4
wrangle,0,wrangled,2
wrench,0,wrenched,2
wrinkle,0,wrinkled,4
